Blaze;Arsenio Holloway;a,;Plaza;429-5439 Ligula. Rd.;21;10;F;79344;Alcobendas;Madrid;609416957/609224648;jcardozo@gmail.com/dapibus@egestas.co.uk
Erasmus;Micah Jones;a,;Avendia;7883 Justo. St.;42;7;F;62427;Palma de Mallorca;Illes Balears;603131464/606786616;jorge.cardozo@trabajo.com
Bert;Harper Keller;adipiscing;Avendia;P.O. Box 718, 6995 Ut Road;50;7;A;14529;Cordoba;AN;602451246/601994023;evapelayo@gmail.com/dolor.egestas@ipsum.co.uk
Kadeem;Perry Oliver;Aliquam;Plaza;4524 Tellus Road;83;10;C;57860;Lugo;GA;600900260/606187933;epelayo@suempresa.com
Elton;Simon Ewing;aliquet,;Plaza;239-2788 Tristique Avenue;17;3;F;56884;Telde;Canarias;606278042/605240353;jorge.ramirez@gmail.com
Nehru;Bruce Macias;aliquet,;Calle;8560 Cursus, Rd.;5;9;C;59617;L Hospitalet de Llobregat;CA;602828314;toro_bravo@gmail.com
Kieran;Malik Burke;amet,;Plaza;Ap #474-2092 Quis Av.;26;2;D;56270;Santa Cruz de Tenerife;CN;604468766;tristique.senectus@egestas.com
Ulysses;Raymond Small;amet,;Calle;Ap #971-8275 Eu, Rd.;32;4;A;13093;Tarragona;CA;609911819;nec.metus.facilisis@Integerid.ca
Kasper;Palmer Roberts;ante;Calle;Ap #444-7890 Nam St.;43;2;D;8723;Gijon;Principado de Asturias;607321648/608822357;urna.Ut@eulacus.com
Mannix;Wylie Duffy;augue;Avendia;881-4665 Pede. Street;52;6;C;45179;Palencia;Castilla y Leon;602868086/608611984;ut@Nullamfeugiatplacerat.com
George;Xenos Villarreal;commodo;Plaza;837-9352 Nostra, Road;40;2;B;73842;Zaragoza;Aragon;602776336/607003433;Donec.feugiat.metus@Suspendisse.com
Malcolm;Kyle Michael;commodo;Avendia;Ap #195-7361 Nulla St.;57;9;C;47844;Murcia;MU;609229263/606233210;sed.est@ultrices.ca
Clinton;Porter Buck;congue;Avendia;7016 Consectetuer Rd.;49;0;C;88213;Donosti;PV;608656607/604503826;et@orci.org/gravida.sagittis.Duis@nequepellentesquemassa.com
Charles;Zeus Baird;consectetuer;Calle;991-1071 Urna, Av.;87;3;F;32964;Torrejon de Ardoz;Madrid;609139285/602537821/605314741;egestas@ante.org/dictum.mi@habitant.com
Alden;Valentine Lucas;Cras;Avendia;7327 Morbi Rd.;14;6;A;24098;Getafe;Madrid;608279215;dictum@ac.net/In@NuncmaurisMorbi.net
Alden;Nissim Tate;Cum;Plaza;P.O. Box 164, 1054 Amet, St.;93;3;B;50669;Telde;CN;605336519/600816364;vehicula.Pellentesque.tincidunt@magnaPhasellusdolor.co.uk/laoreet@aliquetmagnaa.edu
Dalton;Carson Marshall;cursus;Plaza;1808 Nisl. Av.;2;8;D;29912;Ourense;Galicia;602659752/601554414;lacinia.at.iaculis@sitamet.co.uk
Warren;Oren Buckner;cursus;Avendia;435-9032 Egestas St.;62;5;C;2904;Fuenlabrada;MA;606135984;sit@Aliquam.co.uk
Alfonso;Lewis Dickerson;diam.;Plaza;Ap #752-8655 Tempor Avenue;14;4;C;50215;Alacant;Comunitat Valenciana;609984415/603465717;et.lacinia.vitae@Sedcongue.ca/Nunc@ac.com
Theodore;Yasir Britt;dictum;Calle;5965 Gravida Av.;22;8;F;96515;Mataro;Catalunya;603744018/608471748;Nulla.interdum@nectempus.edu
Blake;Dante Burks;dignissim;Plaza;Ap #436-7173 Non, Road;86;8;B;91127;Valencia;CV;600111235;cursus.non@aliquetnec.edu/augue.eu@Sednunc.edu
Boris;Chandler Battle;dolor.;Avendia;5702 Arcu Road;90;10;B;84311;Elx;CV;602225891;eget@estcongue.net/condimentum.Donec@Loremipsumdolor.ca
Magee;Baxter Fox;Duis;Avendia;Ap #994-7351 Aliquet Ave;42;0;D;17733;Sabadell;CA;603562661/600344325;urna.et@Pellentesquehabitantmorbi.edu
Dennis;Armand Blackwell;eget;Plaza;Ap #403-7822 Ornare, Street;88;2;A;29113;Alcobendas;MA;602608191/607082077;urna@ornarefacilisis.co.uk
Colton;Yasir Cain;enim;Avendia;Ap #599-1761 Luctus Road;9;1;B;42065;Palma de Mallorca;BA;609314064/603548872;Sed.et@Pellentesqueut.net
Derek;Rigel Farley;enim.;Avendia;P.O. Box 570, 7423 Pharetra. Rd.;72;5;F;77814;Sabadell;Catalunya;609661983/605915924;nec.mauris.blandit@auctorveliteget.co.uk
Hamilton;Duncan Kirby;enim.;Calle;Ap #888-4255 Eu Rd.;76;6;C;97796;Badalona;CA;601438217;id@interdumlibero.co.uk
Oren;Adam Sellers;erat;Calle;619-3008 Lorem Rd.;100;4;D;25163;Torrevieja;Comunitat Valenciana;602440133/601078992;tincidunt@orci.net
Troy;Hilel Delacruz;eros;Calle;185-1850 Quis Road;14;4;B;16845;Torrejon de Ardoz;Madrid;605878501/605265541/607238641;Pellentesque.tincidunt@etnetuset.ca
Ferris;Jordan Schroeder;et;Calle;P.O. Box 788, 8567 Et St.;71;5;B;33895;Parla;Madrid;606792595/600444308;magna.Suspendisse.tristique@scelerisquedui.com
Emerson;Xenos Charles;eu;Plaza;184-5820 Turpis. Road;6;3;B;81665;Alacant;Comunitat Valenciana;608835448/601207912;ac@massa.net
Jared;Tanner Raymond;eu;Calle;397-5479 Nisl. Ave;23;7;D;1984;Jaen;AN;602358405/608526117;dictum.eu.placerat@at.net
Moses;Ezra Richards;eu;Plaza;651-1276 Euismod Street;58;9;B;1221;Alcorcon;Madrid;600943910;tincidunt@non.edu
Eva;Pelayo Bravo;Evita;Calle;Holanda;16;4;C;28806;Alcala de Henares;Madrid;605626114/609966181/605864874;vulputate.risus.a@montesnasceturridiculus.ca
Deacon;Gavin Arnold;facilisis;Plaza;443-512 Id St.;77;4;A;57593;Elx;Comunitat Valenciana;603635907/602686512;sem.vitae@in.org
Harding;Aladdin Burt;facilisis;Plaza;5911 Ut St.;64;9;B;94957;Teruel;Aragon;609505850/601325651;Aenean.egestas@et.org
Hector;Emmanuel Sawyer;facilisis;Calle;Ap #915-4703 Auctor Rd.;72;2;F;9626;Castello;CV;608632623;taciti.sociosqu.ad@at.ca
Cyrus;Brent Velazquez;faucibus;Calle;Ap #108-8830 Libero. Street;60;4;A;54920;Lugo;Galicia;606635452/603688996;convallis.ante.lectus@libero.co.uk
Ray;Bruno Hensley;felis.;Calle;P.O. Box 841, 7116 Diam Rd.;58;3;C;97312;Elx;CV;604299218/607055797;adipiscing@lacus.ca
Phillip;Oren Fitzpatrick;fermentum;Calle;3331 Ut Avenue;71;5;A;85992;Baracaldo;Euskadi;609485586/608313269;Nunc@ac.com
Jeremy;Arsenio Wong;feugiat;Avendia;1892 Felis, Ave;86;7;B;10219;Pamplona;Navarra;606938382;aliquet.Proin@magnaNamligula.com
Keith;Basil Preston;Fusce;Calle;820-9639 Maecenas St.;89;0;B;61028;Alacant;Comunitat Valenciana;608367272/605843574/607065533;semper.pretium@dolor.ca
Otto;Mannix Wilson;habitant;Calle;566-4276 Dictum Rd.;37;6;C;40794;Santa Coloma de Gramenet;CA;604982025/608141488;laoreet@aliquetmagnaa.edu
Arden;James Cooper;hymenaeos.;Calle;8909 Consequat, Street;18;6;F;73158;Barcelona;CA;605199212/601928527;ipsum@consectetuermauris.ca/eu.dolor.egestas@Suspendissecommodo.edu
Thomas;Justin Alexander;iaculis;Avendia;168-2069 Sed Road;85;1;C;75862;Valencia;CV;606710433;vitae.odio.sagittis@nonlaciniaat.com
Melvin;Gavin Hampton;iaculis,;Avendia;Ap #621-5405 Leo. Ave;57;4;A;58033;Torrejon de Ardoz;MA;606397057/607313789;neque@quisturpis.ca
Akeem;Ishmael Blackwell;id;Avendia;957-1867 Nunc. Rd.;12;1;D;97922;Torrejon de Ardoz;MA;602755472/605430502;Sed@loremut.net/eu.elit@fringillaestMauris.net
Roth;Cairo Gay;in;Plaza;P.O. Box 540, 6461 Ante Avenue;77;8;A;51791;Badalona;Catalunya;606462868/608556316;dolor.egestas@ipsum.co.uk
Raja;Gavin Newton;interdum.;Plaza;366-5035 In St.;16;10;F;32000;Santa Coloma de Gramenet;CA;607431662/600020566;eu.dolor.egestas@Suspendissecommodo.edu
Elton;Guy Floyd;ipsum;Calle;814-3894 Dictum Avenue;53;7;D;27672;Madrid;Madrid;605190656/609140289;sit.amet@vitaealiquetnec.ca
Jorge;Cardozo Jimenez;Jorgito;Avenida;Castellana;16;0;;28100;Madrid;Madrid;609415525/604202135/606475065;enim.nisl@MorbimetusVivamus.com
Cole;Travis Cantrell;lacus.;Avendia;2468 Ridiculus Rd.;6;2;B;52039;L Hospitalet de Llobregat;CA;604885227/605447923;Sed.nunc.est@elitelitfermentum.org/nec.metus.facilisis@Integerid.ca
Griffin;Murphy Nicholson;ligula.;Avendia;P.O. Box 950, 3316 Molestie Rd.;11;9;A;37626;Marbella;Andalucia;603700566/604928293;porta.elit.a@Mauris.co.uk
Michael;Rudyard Leonard;ligula.;Plaza;P.O. Box 730, 1041 Eu, Rd.;82;5;C;76532;San Cristobal de la Laguna;Canarias;609535314/607885761/601642331;arcu@etcommodo.com
Zephania;Hyatt Luna;lorem;Avendia;Ap #481-8961 Aliquam St.;35;5;F;36757;Sabadell;Catalunya;605689247/601145639;Cras@arcuCurabitur.net
Brett;Trevor Shields;Maecenas;Avendia;4967 Fringilla Rd.;23;4;B;6957;Palencia;CL;609414659/602955870;natoque@Mauris.edu/Nulla.interdum@nectempus.edu
Abdul;Burke Sharpe;magna;Avendia;P.O. Box 694, 6362 Cras St.;43;4;B;85261;Valencia;Comunitat Valenciana;602287533/602138215;lacus.Aliquam.rutrum@tempusloremfringilla.org/neque@quisturpis.ca
Zephania;Ian Morin;magnis;Plaza;P.O. Box 763, 969 Commodo Rd.;98;8;D;24849;Torrejon de Ardoz;Madrid;602383463/606649256/608368367;at@dolor.org/Ut.sagittis.lobortis@fringilla.org
Aladdin;Paul Warren;massa;Plaza;4256 Nam St.;44;3;F;35872;Tarrasa;Catalunya;605093801;Vivamus@leoinlobortis.edu/toro_bravo@gmail.com
Tad;Caesar Keller;mattis.;Calle;P.O. Box 329, 1813 Magnis Street;20;7;B;88320;Gasteiz;Euskadi;608825771/600427598;condimentum.Donec@Loremipsumdolor.ca
Anthony;Quinn Calhoun;mauris;Plaza;2407 Condimentum. Street;42;4;D;66852;Badalona;CA;607700685/601413453;id.blandit.at@enimnon.net/metus.vitae@nec.co.uk
Orson;Curran Walter;Mauris;Plaza;Ap #271-4041 Tellus Rd.;78;5;A;45795;Alcobendas;MA;608483063/605962200;In@NuncmaurisMorbi.net
Barry;Vance Parrish;mauris.;Avendia;4564 Maecenas Rd.;72;8;A;69733;Madrid;MA;600328464/606413076;et.commodo.at@utpharetra.com/adipiscing@lacus.ca
Cooper;Brock Townsend;molestie;Calle;482-9088 Nunc Street;93;5;F;41572;Cartagena;Murcia;605739383/603394390;pellentesque.Sed@nisiCumsociis.ca
Ciaran;Nissim Donovan;mollis;Plaza;P.O. Box 177, 9624 Libero Av.;11;6;D;15412;Bilbo;PV;601280903;faucibus.leo.in@Morbiaccumsanlaoreet.edu/Pellentesque.tincidunt@etnetuset.ca
Hayes;Derek Burns;montes,;Avendia;229-8427 Aliquam Rd.;13;6;B;64699;Cadiz;Andalucia;606702224;dui.Fusce@quis.co.uk
Kareem;Honorato Colon;montes,;Avendia;Ap #712-5270 Aliquam Rd.;17;3;C;88317;Tarrasa;CA;604143395/605813957/606371304;eget.magna@feugiat.com
Reece;Jelani Freeman;mus.;Avendia;Ap #625-3796 Quisque St.;6;0;D;26506;Baracaldo;Euskadi;608592148/608213628;velit.eget@mauris.net
Cruz;Thane Hudson;neque;Calle;P.O. Box 688, 7201 Velit Ave;70;4;A;84720;Almeria;AN;605372891/604061527;Vestibulum.ante.ipsum@estarcu.co.uk
Dominic;Barrett Patrick;neque;Plaza;P.O. Box 892, 8473 Vitae Street;71;9;C;46716;Badajoz;Extremadura;604060176/604905766;Proin.ultrices.Duis@eget.org
Leonard;Orson Gray;neque;Plaza;9164 Mi St.;61;5;F;83757;Pamplona;NA;604873885/608955145;Cras@ametnulla.net
Jamal;Steel Flynn;netus;Calle;P.O. Box 238, 9914 Habitant Rd.;8;10;F;90395;Gijon;Principado de Asturias;600394541/604019686;dictum.ultricies.ligula@lectusCum.ca
Vincent;Mufutau Mcintosh;non;Plaza;Ap #840-6612 Neque Avenue;48;9;C;26106;Pamplona;Navarra;607530654;adipiscing.lacus@urnaNullamlobortis.co.uk
Elijah;Camden Sullivan;non,;Calle;7327 Integer St.;77;0;B;65747;Ciudad Real;Castilla - La Mancha;601327804/602011271;odio@pharetra.net
Warren;Arsenio William;Nulla;Plaza;8595 Non, Avenue;80;3;C;17514;Ciudad Real;Castilla - La Mancha;607813718/603078930;natoque.penatibus.et@pede.edu
Nasim;Edan Yates;nunc;Calle;Ap #625-559 Mauris. St.;39;5;F;84271;Alacant;Comunitat Valenciana;609069380/608370629;eu.elit@fringillaestMauris.net
Tarik;Wallace Chen;nunc;Avendia;624-5961 Congue. St.;88;10;D;94027;Parla;Madrid;604503789;libero.at@auctorMauris.co.uk
Salvador;Jonas Franks;orci.;Plaza;P.O. Box 458, 6372 Sem St.;13;3;A;17637;Getafe;MA;602882477/608663151;augue.eu@Sednunc.edu
Abdul;Perry Travis;ornare,;Plaza;2629 Mollis Avenue;89;9;B;13996;L Hospitalet de Llobregat;Catalunya;603346214/602456281;nulla@lorem.ca/arcu@etcommodo.com
Brandon;Jasper Hancock;Proin;Avendia;172-8569 Gravida Rd.;7;10;C;35062;Ourense;GA;604966869/606208992;ac.metus.vitae@ornarefacilisiseget.ca/libero.at@auctorMauris.co.uk
Dexter;Lyle Atkinson;Proin;Avendia;4004 Vitae Rd.;62;3;F;18188;Teruel;Aragon;609960019;Etiam.gravida@nectellus.org
Berk;Hector Weber;quis;Calle;978-7004 Sociis Road;52;7;C;53794;Murcia;MU;604158134/608012191;Phasellus.dolor@liberolacusvarius.co.uk/velit.eget@mauris.net
Byron;Armand Stafford;Quisque;Avendia;1336 Mauris St.;48;10;B;84578;Badalona;CA;609777446;Suspendisse@tincidunt.ca/vitae.odio.sagittis@nonlaciniaat.com
Gabriel;Byron Bass;ridiculus;Plaza;P.O. Box 258, 1909 Nulla Av.;86;7;F;94303;Caceres;EX;600839705/609960855;Ut.tincidunt.vehicula@dictumplacerat.co.uk
Elton;Oleg Bean;sapien;Avendia;620-6981 Nam Av.;95;10;A;11607;Palma de Mallorca;Illes Balears;600054458/600565564;venenatis.a@amifringilla.com
Simon;Brady Howard;scelerisque,;Calle;Ap #961-1952 Mauris Road;26;2;F;57170;Elx;CV;605263899/602817252;dapibus@egestas.co.uk
Jacob;Aaron Bradford;sed;Plaza;8231 Ante Avenue;38;0;B;89349;Palma de Mallorca;BA;604097440;ullamcorper.Duis@pedemalesuadavel.org
Trevor;Sawyer Moses;sociis;Plaza;P.O. Box 852, 7819 Erat Rd.;14;6;F;82510;Pamplona;NA;608084741/609088030;Mauris.quis@Proinnon.co.uk
Driscoll;Jameson Christian;Suspendisse;Avendia;766-4147 Velit Road;15;8;C;21237;Albacete;CM;606667640;conubia.nostra@consequatdolor.edu
Tyrone;Solomon Grant;tellus;Plaza;8196 Dictum Rd.;18;1;F;84478;Sevilla;Andalucia;604291174/606550034;gravida.sagittis.Duis@nequepellentesquemassa.com
Ignatius;Amos Cooley;tellus.;Avendia;P.O. Box 638, 7633 Amet, St.;44;3;C;98822;Tarragona;CA;609744869/604711469;quam.dignissim@eget.com
Trevor;Tad Solis;tellus.;Plaza;Ap #847-442 Justo St.;18;10;A;39962;Reus;CA;601167912/600738023;dictum.mi@habitant.com
Acton;Owen Mcleod;tincidunt;Plaza;914-1381 Ullamcorper St.;3;1;D;28051;Gijon;Principado de Asturias;604416690/606988799;Aliquam@liberoettristique.ca/tincidunt@non.edu
Marvin;Forrest Reyes;tincidunt.;Avendia;1715 Morbi St.;64;2;D;56402;avila;Castilla y Leon;607155172/608724159;Nulla.semper@Nam.com
Jorge;Ramirez;Toro Bravo;Calle;Espana;368;3;B;29400;Ronda;Malaga;600072626/608832399/604903645;pharetra.ut@orciDonecnibh.ca
Carl;Hammett Branch;tristique;Plaza;P.O. Box 482, 409 Consequat Av.;63;9;A;41104;Pamplona;Navarra;605052709/609316876;pharetra.felis.eget@dictumeueleifend.org/Mauris.quis@Proinnon.co.uk
Connor;Mannix Torres;turpis.;Calle;Ap #741-3708 Nunc St.;19;9;A;86499;Las Palmas;CN;601988815/605943865/603975849;in.aliquet.lobortis@pharetraQuisqueac.net
Price;Elliott Sutton;ut;Avendia;P.O. Box 130, 2675 Eu, Ave;37;3;F;61867;Cuenca;Castilla - La Mancha;607116342/604398162;metus.vitae@nec.co.uk
Howard;Vernon Hawkins;varius;Plaza;258 Ridiculus St.;97;10;A;8241;Salamanca;Castilla y Leon;601651202/604903356;Integer.urna@ProinultricesDuis.co.uk
Giacomo;Walker Hebert;vehicula;Plaza;659-8470 Ultricies Ave;62;6;B;87999;Mataro;Catalunya;602327657/608972074;eleifend.vitae.erat@blanditmattisCras.ca
Felix;Channing Howe;Vivamus;Plaza;7658 Ultricies St.;7;2;F;47279;Gijon;AS;609403018/602298622;neque@auctornon.net
Aladdin;Chase Banks;vulputate;Calle;Ap #792-8740 Vitae, Rd.;96;7;D;30672;Parla;Madrid;606184189/601336719;enim.consequat.purus@Sedetlibero.ca/tincidunt@orci.net
